Customer_ID,Customer_Type
CUST0103,Individual
CUST0436,Individual
CUST0349,Individual
CUST0271,Individual
CUST0107,Individual
CUST0072,Individual
CUST0189,Individual
CUST0021,Individual
CUST0103,Business
CUST0122,Individual
CUST0467,Business
CUST0215,Business
CUST0331,Individual
CUST0459,Individual
CUST0088,Individual
CUST0373,Individual
CUST0100,Business
CUST0360,Individual
CUST0152,Individual
CUST0131,Individual
CUST0150,Business
CUST0309,Individual
CUST0258,Individual
CUST0344,Individual
CUST0492,Individual
CUST0414,Individual
CUST0294,Individual
CUST0386,Individual
CUST0192,Business
CUST0444,Business
CUST0277,Individual
CUST0161,Individual
CUST0460,Business
CUST0314,Individual
CUST0022,Individual
CUST0253,Individual
CUST0236,Business
CUST0345,Individual
CUST0049,Business
CUST0475,Individual
CUST0059,Individual
CUST0170,Individual
CUST0476,Individual
CUST0188,Business
CUST0464,Individual
CUST0190,Individual
CUST0446,Individual
CUST0175,Individual
CUST0446,Business
CUST0051,Individual
CUST0364,Individual
CUST0055,Individual
CUST0244,Individual
CUST0320,Business
CUST0485,Business
CUST0307,Individual
CUST0135,Individual
CUST0329,Individual
CUST0167,Individual
CUST0274,Individual
CUST0388,Individual
CUST0089,Business
CUST0316,Business
CUST0014,Individual
CUST0242,Business
CUST0265,Business
CUST0346,Individual
CUST0053,Individual
CUST0340,Individual
CUST0092,Individual
CUST0367,Individual
CUST0455,Individual
CUST0428,Individual
CUST0264,Individual
CUST0431,Business
CUST0035,Individual
CUST0206,Individual
CUST0081,Individual
CUST0420,Business
CUST0050,Individual
CUST0388,Business
CUST0002,Individual
CUST0390,Individual
CUST0054,Business
CUST0106,Business
CUST0260,Individual
CUST0310,Individual
CUST0477,Individual
CUST0191,Business
CUST0402,Individual
CUST0218,Individual
CUST0044,Individual
CUST0162,Individual
CUST0202,Individual
CUST0484,Business
CUST0270,Individual
CUST0351,Individual
CUST0304,Business
CUST0456,Individual
CUST0462,Business
CUST0215,Individual
CUST0252,Individual
CUST0296,Business
CUST0213,Individual
CUST0208,Individual
CUST0237,Individual
CUST0338,Business
CUST0367,Business
CUST0053,Business
CUST0280,Individual
CUST0410,Individual
CUST0217,Individual
CUST0188,Individual
CUST0380,Business
CUST0493,Individual
CUST0041,Business
CUST0157,Individual
CUST0015,Individual
CUST0301,Business
CUST0065,Individual
CUST0327,Individual
CUST0009,Individual
CUST0344,Business
CUST0129,Individual
CUST0136,Individual
CUST0472,Business
CUST0063,Individual
CUST0139,Business
CUST0499,Individual
CUST0081,Business
CUST0392,Business
CUST0163,Business
CUST0419,Individual
CUST0289,Business
CUST0379,Individual
CUST0261,Individual
CUST0490,Individual
CUST0231,Individual
CUST0028,Business
CUST0201,Individual
CUST0328,Individual
CUST0268,Business
CUST0418,Individual
CUST0033,Individual
CUST0048,Business
CUST0407,Business
CUST0062,Business
CUST0216,Business
CUST0293,Business
CUST0099,Business
CUST0172,Individual
CUST0214,Individual
CUST0035,Business
CUST0449,Individual
CUST0227,Individual
CUST0101,Business
CUST0431,Individual
CUST0462,Individual
CUST0257,Individual
CUST0005,Individual
CUST0218,Business
CUST0255,Individual
CUST0398,Individual
CUST0359,Individual
CUST0283,Business
CUST0393,Individual
CUST0207,Individual
CUST0042,Business
CUST0380,Individual
CUST0461,Individual
CUST0179,Individual
CUST0063,Business
CUST0352,Individual
CUST0231,Business
CUST0241,Business
CUST0052,Individual
CUST0096,Individual
CUST0222,Individual
CUST0485,Individual
CUST0407,Individual
CUST0237,Business
CUST0143,Individual
CUST0171,Individual
CUST0029,Individual
CUST0036,Individual
CUST0013,Individual
CUST0160,Individual
CUST0187,Business
CUST0243,Individual
CUST0086,Individual
CUST0284,Individual
CUST0066,Individual
CUST0045,Business
CUST0062,Individual
CUST0441,Individual
CUST0134,Business
CUST0284,Business
CUST0028,Individual
CUST0108,Individual
CUST0044,Business
CUST0340,Business
CUST0286,Business
CUST0331,Business
CUST0128,Individual
CUST0348,Individual
CUST0473,Individual
CUST0225,Business
CUST0385,Business
CUST0377,Individual
CUST0283,Individual
CUST0121,Business
CUST0116,Individual
CUST0233,Business
CUST0259,Business
CUST0198,Individual
CUST0456,Business
CUST0411,Business
CUST0137,Individual
CUST0318,Individual
CUST0165,Individual
CUST0225,Individual
CUST0234,Business
CUST0463,Individual
CUST0315,Business
CUST0374,Individual
CUST0096,Business
CUST0180,Business
CUST0113,Individual
CUST0497,Business
CUST0442,Individual
CUST0295,Individual
CUST0386,Business
CUST0387,Individual
CUST0101,Individual
CUST0113,Business
CUST0440,Business
CUST0187,Individual
CUST0002,Business
CUST0130,Individual
CUST0220,Business
CUST0343,Individual
CUST0224,Business
CUST0385,Individual
CUST0403,Business
CUST0126,Individual
CUST0130,Business
CUST0160,Business
CUST0416,Business
CUST0247,Individual
CUST0324,Business
CUST0439,Business
CUST0203,Individual
CUST0184,Individual
CUST0123,Business
CUST0401,Individual
CUST0255,Business
CUST0280,Business
CUST0325,Individual
CUST0372,Business
CUST0098,Individual
CUST0470,Individual
CUST0395,Individual
CUST0240,Individual
CUST0144,Business
CUST0097,Individual
CUST0201,Business
CUST0124,Individual
CUST0326,Individual
CUST0464,Business
CUST0259,Individual
CUST0148,Business
CUST0443,Individual
CUST0420,Individual
CUST0403,Individual
CUST0451,Business
CUST0147,Individual
CUST0148,Individual
CUST0199,Individual
CUST0308,Individual
CUST0489,Individual
CUST0417,Individual
CUST0424,Business
CUST0039,Business
CUST0338,Individual
CUST0129,Business
CUST0267,Business
CUST0434,Individual
CUST0151,Individual
CUST0415,Individual
CUST0478,Business
CUST0298,Individual
CUST0099,Individual
CUST0263,Business
CUST0252,Business
CUST0112,Individual
CUST0500,Individual
CUST0060,Business
CUST0369,Individual
CUST0304,Individual
CUST0254,Individual
CUST0140,Individual
CUST0453,Business
CUST0037,Business
CUST0009,Business
CUST0404,Individual
CUST0152,Business
CUST0120,Individual
CUST0408,Business
CUST0075,Individual
CUST0422,Individual
CUST0104,Business
CUST0227,Business
CUST0153,Business
CUST0384,Individual
CUST0366,Individual
CUST0194,Business
CUST0163,Individual
CUST0445,Business
CUST0169,Individual
CUST0068,Individual
CUST0289,Individual
CUST0398,Business
CUST0404,Business
CUST0195,Individual
CUST0128,Business
CUST0176,Individual
CUST0460,Individual
CUST0371,Individual
CUST0470,Business
CUST0375,Individual
CUST0238,Business
CUST0158,Individual
CUST0038,Individual
CUST0230,Business
CUST0365,Individual
CUST0051,Business
CUST0438,Individual
CUST0027,Individual
CUST0226,Business
CUST0277,Business
CUST0286,Individual
CUST0448,Individual
CUST0481,Individual
CUST0453,Individual
CUST0317,Business
CUST0147,Business
CUST0004,Business
CUST0192,Individual
CUST0017,Individual
CUST0220,Individual
CUST0477,Business
CUST0046,Business
CUST0006,Individual
CUST0302,Business
CUST0181,Business
CUST0095,Individual
CUST0469,Business
CUST0416,Individual
CUST0471,Individual
CUST0161,Business
CUST0256,Business
CUST0323,Individual
CUST0018,Individual
CUST0281,Individual
CUST0223,Business
CUST0058,Individual
CUST0360,Business
CUST0174,Individual
CUST0114,Individual
CUST0288,Individual
CUST0342,Business
CUST0151,Business
CUST0450,Individual
CUST0127,Individual
CUST0155,Individual
CUST0474,Business
CUST0273,Business
CUST0299,Individual
CUST0246,Individual
CUST0039,Individual
CUST0170,Business
CUST0026,Individual
CUST0355,Business
CUST0306,Individual
CUST0409,Business
CUST0013,Business
CUST0316,Individual
CUST0391,Business
CUST0313,Business
CUST0036,Business
CUST0173,Individual
CUST0020,Individual
CUST0321,Individual
CUST0494,Individual
CUST0400,Individual
CUST0142,Business
CUST0354,Business
CUST0322,Business
CUST0288,Business
CUST0447,Individual
CUST0342,Individual
CUST0186,Individual
CUST0190,Business
CUST0125,Business
CUST0314,Business
CUST0305,Individual
CUST0180,Individual
CUST0054,Individual
CUST0491,Business
CUST0444,Individual
CUST0481,Business
CUST0060,Individual
CUST0108,Business
CUST0005,Business
CUST0196,Individual
CUST0262,Individual
CUST0480,Individual
CUST0372,Individual
CUST0350,Business
CUST0047,Business
CUST0311,Individual
CUST0424,Individual
CUST0308,Business
CUST0144,Individual
CUST0269,Individual
CUST0370,Business
CUST0106,Individual
CUST0145,Individual
CUST0319,Individual
CUST0275,Individual
CUST0092,Business
CUST0058,Business
CUST0439,Individual
CUST0229,Business
CUST0474,Individual
CUST0117,Business
CUST0279,Business
CUST0393,Business
CUST0396,Individual
CUST0001,Individual
CUST0239,Individual
CUST0290,Individual
CUST0118,Individual
CUST0048,Individual
CUST0089,Individual
CUST0488,Individual
CUST0272,Business
CUST0189,Business
CUST0487,Business
CUST0069,Individual
CUST0278,Individual
CUST0076,Individual
CUST0154,Individual
CUST0435,Individual
CUST0086,Business
CUST0185,Business
CUST0285,Business
CUST0047,Individual
CUST0497,Individual
CUST0094,Individual
CUST0238,Individual
CUST0204,Individual
CUST0432,Individual
CUST0341,Individual
CUST0100,Individual
CUST0254,Business
CUST0222,Business
CUST0357,Business
CUST0023,Individual
CUST0250,Business
CUST0010,Individual
CUST0290,Business
CUST0223,Individual
CUST0394,Business
CUST0250,Individual
CUST0257,Business
CUST0004,Individual
CUST0016,Individual
CUST0336,Individual
CUST0258,Business
CUST0476,Business
CUST0384,Business
CUST0178,Business
CUST0417,Business
CUST0445,Individual
CUST0427,Business
CUST0268,Individual
CUST0168,Business
CUST0330,Individual
CUST0043,Individual
CUST0397,Individual
CUST0012,Individual
CUST0302,Individual
CUST0253,Business
CUST0242,Individual
CUST0337,Individual
CUST0090,Individual
CUST0264,Business
CUST0093,Business
CUST0410,Business
CUST0458,Individual
CUST0115,Individual
CUST0105,Individual
CUST0413,Business
CUST0376,Individual
CUST0217,Business
CUST0249,Business
CUST0164,Business
CUST0357,Individual
CUST0457,Individual
CUST0408,Individual
CUST0177,Business
CUST0496,Individual
CUST0466,Individual
CUST0487,Individual
CUST0369,Business
CUST0183,Individual
CUST0355,Individual
CUST0361,Individual
CUST0084,Business
CUST0368,Individual
CUST0397,Business
CUST0019,Individual
CUST0177,Individual
CUST0233,Individual
CUST0076,Business
CUST0265,Individual
CUST0455,Business
CUST0052,Business
CUST0339,Individual
CUST0025,Business
CUST0379,Business
CUST0469,Individual
CUST0484,Individual
CUST0057,Business
CUST0109,Business
CUST0423,Individual
CUST0133,Individual
CUST0221,Individual
CUST0235,Individual
CUST0146,Individual
CUST0239,Business
CUST0074,Business
CUST0007,Individual
CUST0141,Business
CUST0168,Individual
CUST0194,Individual
CUST0029,Business
CUST0496,Business
CUST0500,Business
CUST0145,Business
CUST0132,Individual
CUST0292,Individual
CUST0070,Individual
CUST0182,Individual
CUST0167,Business
CUST0091,Business
CUST0019,Business
CUST0451,Individual
CUST0173,Business
CUST0317,Individual
CUST0383,Individual
CUST0361,Business
CUST0387,Business
CUST0191,Individual
CUST0312,Business
CUST0134,Individual
CUST0303,Individual
CUST0149,Business
CUST0080,Individual
CUST0203,Business
CUST0164,Individual
CUST0020,Business
CUST0014,Business
CUST0001,Business
CUST0373,Business
CUST0459,Business
CUST0358,Individual
CUST0156,Individual
CUST0008,Individual
CUST0122,Business
CUST0178,Individual
CUST0041,Individual
CUST0228,Individual
CUST0447,Business
CUST0212,Individual
CUST0461,Business
CUST0240,Business
CUST0413,Individual
CUST0082,Individual
CUST0256,Individual
CUST0197,Individual
CUST0303,Business
CUST0409,Individual
CUST0450,Business
CUST0312,Individual
CUST0251,Business
CUST0365,Business
CUST0119,Individual
CUST0146,Business
CUST0224,Individual
CUST0267,Individual
CUST0341,Business
CUST0282,Individual
CUST0315,Individual
CUST0405,Individual
CUST0006,Business
CUST0465,Individual
CUST0351,Business
CUST0437,Individual
CUST0023,Business
CUST0083,Business
CUST0085,Business
CUST0078,Business
CUST0205,Individual
CUST0034,Individual
CUST0072,Business
CUST0154,Business
CUST0118,Business
CUST0236,Individual
CUST0389,Individual
CUST0478,Individual
CUST0112,Business
CUST0066,Business
CUST0226,Individual
CUST0294,Business
CUST0335,Business
CUST0347,Business
CUST0482,Business
CUST0166,Individual
CUST0472,Individual
CUST0335,Individual
CUST0030,Business
CUST0285,Individual
CUST0138,Individual
CUST0273,Individual
CUST0126,Business
CUST0371,Business
CUST0111,Individual
CUST0249,Individual
CUST0183,Business
CUST0155,Business
CUST0093,Individual
CUST0434,Business
CUST0061,Individual
CUST0046,Individual
CUST0034,Business
CUST0433,Individual
CUST0301,Individual
CUST0411,Individual
CUST0073,Individual
CUST0214,Business
CUST0056,Individual
CUST0350,Individual
CUST0107,Business
CUST0207,Business
CUST0056,Business
CUST0078,Individual
CUST0216,Individual
CUST0007,Business
CUST0003,Individual
CUST0363,Individual
CUST0274,Business
CUST0119,Business
CUST0300,Business
CUST0025,Individual
CUST0212,Business
CUST0068,Business
CUST0394,Individual
CUST0067,Individual
CUST0228,Business
CUST0083,Individual
CUST0042,Individual
CUST0425,Business
CUST0320,Individual
CUST0443,Business
CUST0454,Individual
CUST0229,Individual
CUST0377,Business
CUST0437,Business
CUST0198,Business
CUST0318,Business
CUST0247,Business
CUST0243,Business
CUST0031,Individual
CUST0040,Business
CUST0322,Individual
CUST0468,Individual
CUST0075,Business
CUST0486,Individual
CUST0392,Individual
CUST0435,Business
CUST0300,Individual
CUST0133,Business
CUST0326,Business
CUST0324,Individual
CUST0275,Business
CUST0142,Individual
CUST0038,Business
CUST0293,Individual
CUST0382,Individual
CUST0356,Business
CUST0333,Individual
CUST0491,Individual
CUST0261,Business
CUST0138,Business
CUST0172,Business
CUST0084,Individual
CUST0321,Business
CUST0399,Business
CUST0334,Individual
CUST0376,Business
CUST0137,Business
CUST0418,Business
CUST0483,Individual
CUST0296,Individual
CUST0406,Individual
CUST0328,Business
CUST0291,Business
CUST0165,Business
CUST0295,Business
CUST0104,Individual
CUST0422,Business
CUST0353,Business
CUST0143,Business
CUST0495,Individual
CUST0067,Business
CUST0391,Individual
CUST0179,Business
CUST0157,Business
CUST0097,Business
CUST0123,Individual
CUST0330,Business
CUST0353,Individual
CUST0159,Individual
CUST0332,Individual
CUST0292,Business
CUST0069,Business
CUST0011,Individual
CUST0200,Business
CUST0346,Business
CUST0363,Business
CUST0210,Business
CUST0287,Individual
CUST0378,Business
CUST0297,Individual
CUST0405,Business
CUST0110,Business
CUST0182,Business
CUST0313,Individual
CUST0055,Business
CUST0149,Individual
CUST0457,Business
CUST0202,Business
CUST0117,Individual
CUST0244,Business
CUST0210,Individual
CUST0347,Individual
CUST0251,Individual
CUST0370,Individual
CUST0049,Individual
CUST0141,Individual
CUST0440,Individual
CUST0211,Individual
CUST0032,Individual
CUST0305,Business
CUST0429,Individual
CUST0175,Business
CUST0498,Individual
CUST0166,Business
CUST0131,Business
CUST0266,Business
CUST0458,Business
CUST0467,Individual
CUST0087,Business
CUST0349,Business
CUST0008,Business
CUST0495,Business
CUST0291,Individual
CUST0120,Business
CUST0452,Business
CUST0263,Individual
CUST0381,Business
CUST0234,Individual
CUST0195,Business
CUST0396,Business
CUST0364,Business
CUST0494,Business
CUST0209,Individual
CUST0040,Individual
CUST0359,Business
CUST0278,Business
CUST0235,Business
CUST0378,Individual
CUST0087,Individual
CUST0362,Business
CUST0219,Individual
CUST0098,Business
CUST0309,Business
CUST0401,Business
CUST0064,Individual
CUST0193,Individual
CUST0307,Business
CUST0181,Individual
CUST0232,Individual
CUST0310,Business
CUST0017,Business
CUST0061,Business
CUST0427,Individual
CUST0102,Individual
CUST0339,Business
CUST0479,Individual
CUST0489,Business
CUST0016,Business
CUST0199,Business
CUST0176,Business
CUST0490,Business
